{"assets/bgs/avatar.jpg":["assets/bgs/avatar.jpg"],"assets/bgs/futuristic_dialog.png":["assets/bgs/futuristic_dialog.png"],"assets/bgs/lab_bg.jpg":["assets/bgs/lab_bg.jpg"],"assets/bgs/stable_lab_bg.jpg":["assets/bgs/stable_lab_bg.jpg"],"assets/blueprints/celular plano.png":["assets/blueprints/celular plano.png"],"assets/blueprints/chip.png":["assets/blueprints/chip.png"],"assets/blueprints/plano.png":["assets/blueprints/plano.png"],"assets/blueprints/rare device.png":["assets/blueprints/rare device.png"],"assets/blueprints/small device.png":["assets/blueprints/small device.png"],"assets/demos/b4s/ball_lock.png":["assets/demos/b4s/ball_lock.png"],"assets/demos/b4s/ball_unlock.png":["assets/demos/b4s/ball_unlock.png"],"assets/demos/b4s/bell.svg":["assets/demos/b4s/bell.svg"],"assets/demos/b4s/field.png":["assets/demos/b4s/field.png"],"assets/demos/b4s/fire.svg":["assets/demos/b4s/fire.svg"],"assets/demos/b4s/gray_flag.png":["assets/demos/b4s/gray_flag.png"],"assets/demos/b4s/green_flag.png":["assets/demos/b4s/green_flag.png"],"assets/demos/b4s/in_line.png":["assets/demos/b4s/in_line.png"],"assets/demos/b4s/in_line_appbar.png":["assets/demos/b4s/in_line_appbar.png"],"assets/demos/b4s/logo_clean.svg":["assets/demos/b4s/logo_clean.svg"],"assets/demos/b4s/out_line.png":["assets/demos/b4s/out_line.png"],"assets/demos/b4s/red_flag.png":["assets/demos/b4s/red_flag.png"],"assets/demos/b4s/shieldStar.svg":["assets/demos/b4s/shieldStar.svg"],"assets/demos/b4s/yellow_flag.png":["assets/demos/b4s/yellow_flag.png"],"assets/device_frames/laptop_frame.png":["assets/device_frames/laptop_frame.png"],"assets/device_frames/phone_frame.png":["assets/device_frames/phone_frame.png"],"assets/fonts/BIZUDGothic-Bold.ttf":["assets/fonts/BIZUDGothic-Bold.ttf"],"assets/fonts/BIZUDGothic-Regular.ttf":["assets/fonts/BIZUDGothic-Regular.ttf"],"assets/fonts/OpenDyslexic-Bold.otf":["assets/fonts/OpenDyslexic-Bold.otf"],"assets/fonts/OpenDyslexic-Regular.otf":["assets/fonts/OpenDyslexic-Regular.otf"],"assets/icons/csa.png":["assets/icons/csa.png"],"assets/icons/github.png":["assets/icons/github.png"],"assets/icons/linkedin.png":["assets/icons/linkedin.png"],"assets/portfolio/about/resume.pdf":["assets/portfolio/about/resume.pdf"],"assets/portfolio/projects/b4s/logomark.png":["assets/portfolio/projects/b4s/logomark.png"],"assets/portfolio/projects/b4s/secondary_media.mov":["assets/portfolio/projects/b4s/secondary_media.mov"],"assets/portfolio/projects/kinpos/detail_media1.png":["assets/portfolio/projects/kinpos/detail_media1.png"],"assets/portfolio/projects/kinpos/detail_media2.png":["assets/portfolio/projects/kinpos/detail_media2.png"],"assets/portfolio/projects/kinpos/logomark.png":["assets/portfolio/projects/kinpos/logomark.png"],"assets/portfolio/projects/kinpos/main_media.mp4":["assets/portfolio/projects/kinpos/main_media.mp4"],"assets/portfolio/projects/kinpos/secondary_media.png":["assets/portfolio/projects/kinpos/secondary_media.png"],"assets/portfolio/projects/kinpos/secondary_media2.png":["assets/portfolio/projects/kinpos/secondary_media2.png"],"assets/portfolio/skills/icons/agile.png":["assets/portfolio/skills/icons/agile.png"],"assets/portfolio/skills/icons/agile3.png":["assets/portfolio/skills/icons/agile3.png"],"assets/portfolio/skills/icons/android-studio.png":["assets/portfolio/skills/icons/android-studio.png"],"assets/portfolio/skills/icons/code-magic-white.png":["assets/portfolio/skills/icons/code-magic-white.png"],"assets/portfolio/skills/icons/code-magic.png":["assets/portfolio/skills/icons/code-magic.png"],"assets/portfolio/skills/icons/cursor.png":["assets/portfolio/skills/icons/cursor.png"],"assets/portfolio/skills/icons/davinci.png":["assets/portfolio/skills/icons/davinci.png"],"assets/portfolio/skills/icons/davinci2.png":["assets/portfolio/skills/icons/davinci2.png"],"assets/portfolio/skills/icons/figma-white.png":["assets/portfolio/skills/icons/figma-white.png"],"assets/portfolio/skills/icons/figma.png":["assets/portfolio/skills/icons/figma.png"],"assets/portfolio/skills/icons/flutter.png":["assets/portfolio/skills/icons/flutter.png"],"assets/portfolio/skills/icons/github-actions.png":["assets/portfolio/skills/icons/github-actions.png"],"assets/portfolio/skills/icons/github-white.png":["assets/portfolio/skills/icons/github-white.png"],"assets/portfolio/skills/icons/github.png":["assets/portfolio/skills/icons/github.png"],"assets/portfolio/skills/icons/kanban.png":["assets/portfolio/skills/icons/kanban.png"],"assets/portfolio/skills/icons/kanban2.png":["assets/portfolio/skills/icons/kanban2.png"],"assets/portfolio/skills/icons/kotlin-multiplatform.png":["assets/portfolio/skills/icons/kotlin-multiplatform.png"],"assets/portfolio/skills/icons/kotlin.png":["assets/portfolio/skills/icons/kotlin.png"],"assets/portfolio/skills/icons/rive.png":["assets/portfolio/skills/icons/rive.png"],"assets/portfolio/skills/icons/rive2.png":["assets/portfolio/skills/icons/rive2.png"],"assets/portfolio/skills/icons/scrum.png":["assets/portfolio/skills/icons/scrum.png"],"assets/portfolio/skills/icons/scrum2.png":["assets/portfolio/skills/icons/scrum2.png"],"assets/portfolio/skills/icons/scrum3.png":["assets/portfolio/skills/icons/scrum3.png"],"assets/portfolio/skills/icons/swift.png":["assets/portfolio/skills/icons/swift.png"],"assets/portfolio/skills/icons/vscode.png":["assets/portfolio/skills/icons/vscode.png"],"packages/cupertino_icons/assets/CupertinoIcons.ttf":["packages/cupertino_icons/assets/CupertinoIcons.ttf"]}